,timestamp,username,appDisplayName,category,clientAppUsed,deviceDetailbrowser,deviceDetaildisplayName,deviceDetailoperatingSystem,location,statusfailureReason,logcount,locincrement,appincrement,logcount_pred,logcount_loss,logcount_z_loss,locincrement_pred,locincrement_loss,locincrement_z_loss,appincrement_pred,appincrement_loss,appincrement_z_loss,appDisplayName_pred,appDisplayName_loss,appDisplayName_z_loss,clientAppUsed_pred,clientAppUsed_loss,clientAppUsed_z_loss,deviceDetailbrowser_pred,deviceDetailbrowser_loss,deviceDetailbrowser_z_loss,deviceDetaildisplayName_pred,deviceDetaildisplayName_loss,deviceDetaildisplayName_z_loss,deviceDetailoperatingSystem_pred,deviceDetailoperatingSystem_loss,deviceDetailoperatingSystem_z_loss,statusfailureReason_pred,statusfailureReason_loss,statusfailureReason_z_loss,max_abs_z,mean_abs_z,model_version
10,2022-08-30 08:31:49.739107+00:00,tprice@domain.com,SD ECDN,NonInteractiveUserSignInLogs,Browser,Rich Client 3.19.8.16603,THOMASPRICE-LT,Windows 10,"Veronicachester, XQ",NaN,10,7.0,3.0,8.458166724952731,0.075971454,0.8244897,4.163291698099528,2.7454615,1.4214387,2.3137258951659643,0.71053725,0.21948293,FortiGate SSL VPN,2.6308124,1.6948189,Mobile Apps and Desktop clients,1.1416852,6.4577317,Edge 118.12158,1.8783953,5.1054244,THOMASPRICE-LT,0.5840452,2.1183963,Windows 10,1.3468816,3.152505,External security challenge was not satisfied.,1.3951731,1.8710208,6.4577317,2.5405896,DFP-azure-tprice@domain.com:2
21,2022-08-31 00:44:58.235390+00:00,attacktarget@domain.com,LumApps,NonInteractiveUserSignInLogs,Mobile Apps and Desktop clients,Chrome 100.0.4896,ATTACKTARGET-LT,Windows 10,"Anomalous City, ZZ",NaN,3,1.0,4.0,6.271267578979897,0.6025697,0.30317664,1.8723300675428443,5.998288,2.4816537,1.8389035661961275,11.574828,6.3731756,Adobe Identity Management,1.7844853,1.3727466,Mobile Apps and Desktop clients,0.6207911,0.81593585,Edge 99.14477,1.137329,6.220656,ATTACKTARGET-LT,0.6577879,2.9634633,Windows 10,1.0004333,0.5480962,_other,-0.0,0.0,6.3731756,2.3421004,DFP-azure-attacktarget@domain.com:2
22,2022-08-31 00:47:59.808993+00:00,attacktarget@domain.com,Linux Foundation Training,NonInteractiveUserSignInLogs,Mobile Apps and Desktop clients,Chrome 100.0.4896,ATTACKTARGET-LT,Windows 10,"Anomalous City, ZZ",NaN,4,1.0,5.0,6.365363863844443,0.3150439,0.5465148,1.8768652938361559,6.060821,2.512629,1.8617814471849852,24.408024,14.089753,Adobe Identity Management,1.7973702,1.4990008,Mobile Apps and Desktop clients,0.6176658,1.2025502,Edge 99.14477,1.1273832,5.8704066,ATTACKTARGET-LT,0.6628763,3.557184,Windows 10,0.99720764,0.76480865,_other,-0.0,0.0,14.089753,3.338094,DFP-azure-attacktarget@domain.com:2
23,2022-08-31 01:18:44.640082+00:00,attacktarget@domain.com,Alaya,NonInteractiveUserSignInLogs,Mobile Apps and Desktop clients,Chrome 100.0.4896,ATTACKTARGET-LT,Windows 10,"Anomalous City, ZZ",NaN,5,1.0,6.0,6.421369725907698,0.11375991,0.7168649,1.8794983492835622,6.0972743,2.5306861,1.8608874536998405,42.460075,24.944418,Adobe Identity Management,1.7719367,1.2497864,Mobile Apps and Desktop clients,0.61965287,0.9567401,Edge 99.14477,1.1281856,5.898664,ATTACKTARGET-LT,0.65107524,2.1802187,Windows 10,0.98320967,1.7052401,_other,-0.0,0.0,24.944418,4.4647355,DFP-azure-attacktarget@domain.com:2
24,2022-08-31 01:34:38.535013+00:00,attacktarget@domain.com,UserEcho,NonInteractiveUserSignInLogs,Mobile Apps and Desktop clients,Chrome 100.0.4896,ATTACKTARGET-LT,Windows 10,"Anomalous City, ZZ",NaN,6,1.0,7.0,6.55329254874311,0.017237918,0.79855317,1.892926412464347,6.28488,2.6236157,1.883709441756748,64.874886,38.4224,Adobe Identity Management,1.8097162,1.6199752,Mobile Apps and Desktop clients,0.60757524,2.4508233,Edge 99.14477,1.1226863,5.7049985,ATTACKTARGET-LT,0.66601783,3.9237413,Windows 10,0.98474497,1.6020937,_other,-0.0,0.0,38.4224,6.349578,DFP-azure-attacktarget@domain.com:2
25,2022-08-31 02:32:09.248660+00:00,attacktarget@domain.com,GitHub Enterprise Cloud - Organization,NonInteractiveUserSignInLogs,Mobile Apps and Desktop clients,Chrome 100.0.4896,ATTACKTARGET-LT,Windows 10,"Anomalous City, ZZ",NaN,7,1.0,8.0,6.626158546231929,0.007869553,0.8064818,1.902980614614142,6.427211,2.6941185,1.8899416030554594,92.52457,55.048103,Adobe Identity Management,1.8151128,1.6728547,Mobile Apps and Desktop clients,0.60044956,3.3323169,Edge 99.14477,1.126144,5.826768,ATTACKTARGET-LT,0.66254324,3.5183208,Windows 10,0.97406447,2.319646,_other,-0.0,0.0,55.048103,8.357624,DFP-azure-attacktarget@domain.com:2
26,2022-08-31 02:51:52.779198+00:00,attacktarget@domain.com,Maverics Identity Orchestrator SAML Connector,NonInteractiveUserSignInLogs,Mobile Apps and Desktop clients,Chrome 100.0.4896,ATTACKTARGET-LT,Windows 10,"Anomalous City, ZZ",NaN,8,1.0,9.0,6.694966033020436,0.09590003,0.7319801,1.9128286084149408,6.568167,2.7639406,1.8966164969535015,125.053764,74.60785,Adobe Identity Management,1.8196213,1.7170318,Mobile Apps and Desktop clients,0.59345025,4.198179,Edge 99.14477,1.1270468,5.8585596,ATTACKTARGET-LT,0.65487343,2.6233966,Windows 10,0.96069396,3.2179227,_other,-0.0,0.0,74.60785,10.635428,DFP-azure-attacktarget@domain.com:2
27,2022-08-31 02:53:38.852385+00:00,attacktarget@domain.com,NanoNotion,NonInteractiveUserSignInLogs,Mobile Apps and Desktop clients,Chrome 100.0.4896,ATTACKTARGET-LT,Windows 10,"Anomalous City, ZZ",NaN,9,1.0,10.0,6.76759503810042,0.2806216,0.575647,1.9219353667273555,6.6998744,2.8291812,1.9066408304076403,162.33939,97.027626,Adobe Identity Management,1.8213475,1.7339458,Mobile Apps and Desktop clients,0.5883216,4.8326235,Edge 99.14477,1.1295013,5.944998,ATTACKTARGET-LT,0.6499398,2.0477307,Windows 10,0.94759357,4.098051,_other,-0.0,0.0,97.027626,13.232201,DFP-azure-attacktarget@domain.com:2
28,2022-08-31 03:08:27.951907+00:00,attacktarget@domain.com,Witivio,NonInteractiveUserSignInLogs,Mobile Apps and Desktop clients,Chrome 100.0.4896,ATTACKTARGET-LT,Windows 10,"Anomalous City, ZZ",NaN,10,1.0,11.0,6.836997894530729,0.5633446,0.33637354,1.9308945562363344,6.8307233,2.8939965,1.9159818408231066,204.5136,122.3869,Adobe Identity Management,1.8224834,1.7450765,Mobile Apps and Desktop clients,0.58242875,5.561611,Edge 99.14477,1.132102,6.036583,ATTACKTARGET-LT,0.6455494,1.5354573,Windows 10,0.9358321,4.888228,_other,-0.0,0.0,122.3869,16.153803,DFP-azure-attacktarget@domain.com:2
29,2022-08-31 03:36:22.410827+00:00,attacktarget@domain.com,iAuditor,NonInteractiveUserSignInLogs,Mobile Apps and Desktop clients,Chrome 100.0.4896,ATTACKTARGET-LT,Windows 10,"Anomalous City, ZZ",NaN,11,1.0,12.0,6.9052500755769675,0.94412595,0.014111633,1.939772881183051,6.9616394,2.9588451,1.92273916378091,251.68149,150.74887,Adobe Identity Management,1.8253336,1.7730044,Mobile Apps and Desktop clients,0.57609427,6.3452287,Edge 99.14477,1.1339931,6.1031814,ATTACKTARGET-LT,0.6397882,0.8632313,Windows 10,0.9234726,5.718581,_other,-0.0,0.0,150.74887,19.391674,DFP-azure-attacktarget@domain.com:2
30,2022-08-31 03:40:02.419478+00:00,attacktarget@domain.com,Kemp LoadMaster Azure AD integration,NonInteractiveUserSignInLogs,Mobile Apps and Desktop clients,Chrome 100.0.4896,ATTACKTARGET-LT,Windows 10,"Anomalous City, ZZ",NaN,12,1.0,13.0,6.962330582669497,1.4290074,0.396252,1.9484488536553108,7.090772,3.0228105,1.9292160045531046,303.7547,182.0604,Adobe Identity Management,1.8288202,1.8071687,Mobile Apps and Desktop clients,0.56839186,7.2980685,Edge 99.14477,1.1356692,6.162206,ATTACKTARGET-LT,0.63369817,0.15263604,Windows 10,0.9086709,6.713009,_other,-0.0,0.0,182.0604,23.068062,DFP-azure-attacktarget@domain.com:2
31,2022-08-31 03:51:46.250270+00:00,attacktarget@domain.com,Plandisc,NonInteractiveUserSignInLogs,Mobile Apps and Desktop clients,Chrome 100.0.4896,ATTACKTARGET-LT,Windows 10,"Anomalous City, ZZ",NaN,13,1.0,14.0,7.016468465417039,2.015999,0.89303327,1.9571254471011716,7.221101,3.0873682,1.9356997361050554,360.72028,216.31369,Adobe Identity Management,1.8326759,1.8449494,Mobile Apps and Desktop clients,0.5607537,8.242959,Edge 99.14477,1.1371367,6.2138844,ATTACKTARGET-LT,0.62836146,0.47005808,Windows 10,0.89387715,7.7069035,_other,-0.0,0.0,216.31369,27.196985,DFP-azure-attacktarget@domain.com:2
32,2022-08-31 03:56:40.570360+00:00,attacktarget@domain.com,Pulse Secure Virtual Traffic Manager,NonInteractiveUserSignInLogs,Mobile Apps and Desktop clients,Chrome 100.0.4896,ATTACKTARGET-LT,Windows 10,"Anomalous City, ZZ",NaN,14,1.0,15.0,7.073915010864391,2.701163,1.4728996,1.9656312568843597,7.350017,3.1512263,1.9423133512831234,422.57007,253.50386,Adobe Identity Management,1.8364742,1.8821671,Mobile Apps and Desktop clients,0.55341434,9.150887,Edge 99.14477,1.1388156,6.27301,ATTACKTARGET-LT,0.6230702,1.0874527,Windows 10,0.8792527,8.689425,_other,-0.0,0.0,253.50386,31.690104,DFP-azure-attacktarget@domain.com:2
33,2022-08-31 03:57:59.023499+00:00,attacktarget@domain.com,Share A Dream,NonInteractiveUserSignInLogs,Mobile Apps and Desktop clients,Chrome 100.0.4896,ATTACKTARGET-LT,Windows 10,"Anomalous City, ZZ",NaN,15,1.0,16.0,7.13381788780723,3.4842005,2.1355977,1.9742562299093382,7.481903,3.2165554,1.9492137289110423,489.29132,293.62323,Adobe Identity Management,1.8408595,1.9251376,Mobile Apps and Desktop clients,0.54624414,10.037889,Edge 99.14477,1.1414424,6.3655143,ATTACKTARGET-LT,0.61774004,1.7093817,Windows 10,0.8648852,9.654681,_other,-0.0,0.0,293.62323,36.518665,DFP-azure-attacktarget@domain.com:2
34,2022-08-31 04:11:58.648655+00:00,attacktarget@domain.com,Docusign,NonInteractiveUserSignInLogs,Mobile Apps and Desktop clients,Chrome 100.0.4896,ATTACKTARGET-LT,Windows 10,"Anomalous City, ZZ",NaN,16,1.0,17.0,7.190047696393538,4.370411,2.8856132,1.9829882439222208,7.616621,3.2832873,1.9558356925338147,560.92194,336.69455,Adobe Identity Management,1.8463069,1.9785147,Mobile Apps and Desktop clients,0.53935,10.890743,Edge 99.14477,1.1446964,6.480105,ATTACKTARGET-LT,0.61225855,2.348969,Windows 10,0.85107183,10.58271,_other,-0.0,0.0,336.69455,41.682724,DFP-azure-attacktarget@domain.com:2
35,2022-08-31 04:15:10.425752+00:00,attacktarget@domain.com,ArcGIS Enterprise,NonInteractiveUserSignInLogs,Mobile Apps and Desktop clients,Chrome 100.0.4896,ATTACKTARGET-LT,Windows 10,"Anomalous City, ZZ",NaN,17,1.0,18.0,7.328084785225504,5.2674456,3.6447892,1.9934235619852914,7.7791944,3.3638172,1.9394096259137517,639.2772,383.80945,Adobe Identity Management,1.7965891,1.4913474,Mobile Apps and Desktop clients,0.5344571,11.496026,Edge 99.14477,1.1742941,7.522418,ATTACKTARGET-LT,0.6072756,2.9303865,Windows 10,0.83805287,11.457369,_other,-0.0,0.0,383.80945,47.30173,DFP-azure-attacktarget@domain.com:2
36,2022-08-31 04:19:43.449316+00:00,attacktarget@domain.com,Beatrust,NonInteractiveUserSignInLogs,Mobile Apps and Desktop clients,Chrome 100.0.4896,ATTACKTARGET-LT,Windows 10,"Anomalous City, ZZ",NaN,18,1.0,19.0,7.301992762480307,6.444376,4.6408463,2.000785135027985,7.8949137,3.4211383,1.9702335414278052,718.7595,431.60202,Adobe Identity Management,1.8565991,2.079364,Mobile Apps and Desktop clients,0.52514654,12.647802,Edge 99.14477,1.1513101,6.7130136,ATTACKTARGET-LT,0.60212946,3.5308464,Windows 10,0.8238531,12.41136,_other,-0.0,0.0,431.60202,53.005154,DFP-azure-attacktarget@domain.com:2
37,2022-08-31 04:31:10.307988+00:00,attacktarget@domain.com,InStation,NonInteractiveUserSignInLogs,Mobile Apps and Desktop clients,Chrome 100.0.4896,ATTACKTARGET-LT,Windows 10,"Anomalous City, ZZ",NaN,19,1.0,20.0,7.358556960196728,7.631129,5.6452155,2.0101792448936586,8.043823,3.4948997,1.9768701763536298,805.05707,483.49255,Adobe Identity Management,1.8616323,2.128683,Mobile Apps and Desktop clients,0.5176785,13.571649,Edge 99.14477,1.1540185,6.808394,ATTACKTARGET-LT,0.59715104,4.1117353,Windows 10,0.810364,13.317601,_other,-0.0,0.0,483.49255,59.174526,DFP-azure-attacktarget@domain.com:2
38,2022-08-31 05:06:02.610561+00:00,attacktarget@domain.com,Zscaler Private Access (ZPA),NonInteractiveUserSignInLogs,Mobile Apps and Desktop clients,Chrome 100.0.4896,ATTACKTARGET-LT,Windows 10,"Anomalous City, ZZ",NaN,20,1.0,21.0,7.415823971649151,8.917122,6.733574,2.0194275055750994,8.191782,3.5681906,1.9834550925698566,896.2506,538.3271,Adobe Identity Management,1.8670328,2.1816,Mobile Apps and Desktop clients,0.5100694,14.512949,Edge 99.14477,1.15622,6.8859196,ATTACKTARGET-LT,0.5920569,4.7061305,Windows 10,0.79722226,14.200509,_other,-0.0,0.0,538.3271,65.67954,DFP-azure-attacktarget@domain.com:2
39,2022-08-31 05:15:26.613820+00:00,attacktarget@domain.com,plain-x,NonInteractiveUserSignInLogs,Mobile Apps and Desktop clients,Chrome 100.0.4896,ATTACKTARGET-LT,Windows 10,"Anomalous City, ZZ",NaN,21,1.0,22.0,7.47380623046157,10.302114,7.905717,2.0286753841189396,8.341082,3.6421454,1.9900879224222445,992.3311,596.1001,Adobe Identity Management,1.8722966,2.2331781,Mobile Apps and Desktop clients,0.502452,15.455267,Edge 99.14477,1.1583178,6.959797,ATTACKTARGET-LT,0.5870825,5.2865467,Windows 10,0.7841553,15.078391,_other,-0.0,0.0,596.1001,72.51791,DFP-azure-attacktarget@domain.com:2
40,2022-08-31 05:48:18.606042+00:00,attacktarget@domain.com,Workplace from Facebook,NonInteractiveUserSignInLogs,Mobile Apps and Desktop clients,Chrome 100.0.4896,ATTACKTARGET-LT,Windows 10,"Anomalous City, ZZ",NaN,22,1.0,23.0,7.5303789684449765,11.789338,9.164381,2.037805500592192,8.489804,3.7158144,1.9970677333244948,1093.2666,656.7924,Adobe Identity Management,1.876923,2.2785106,Mobile Apps and Desktop clients,0.49451298,16.437378,Edge 99.14477,1.159965,7.017806,ATTACKTARGET-LT,0.5825493,5.8154907,Windows 10,0.77079207,15.976179,_other,-0.0,0.0,656.7924,79.68867,DFP-azure-attacktarget@domain.com:2
41,2022-08-31 05:53:11.606774+00:00,attacktarget@domain.com,Mevisio,NonInteractiveUserSignInLogs,Mobile Apps and Desktop clients,Chrome 100.0.4896,ATTACKTARGET-LT,Windows 10,"Anomalous City, ZZ",NaN,23,1.0,24.0,7.5868556284248,13.376966,10.5080185,2.0469125189704735,8.639457,3.789944,2.0042685603082084,1199.0658,720.4093,Adobe Identity Management,1.8817132,2.325448,Mobile Apps and Desktop clients,0.48668668,17.405544,Edge 99.14477,1.1617647,7.0811844,ATTACKTARGET-LT,0.57779753,6.3699307,Windows 10,0.7576038,16.862211,_other,-0.0,0.0,720.4093,87.19462,DFP-azure-attacktarget@domain.com:2
42,2022-08-31 06:30:53.770524+00:00,attacktarget@domain.com,Inspire,NonInteractiveUserSignInLogs,Mobile Apps and Desktop clients,Chrome 100.0.4896,ATTACKTARGET-LT,Windows 10,"Anomalous City, ZZ",NaN,24,1.0,25.0,7.64315218924497,15.065184,11.936786,2.055958586401458,8.789405,3.8642201,2.011462931918579,1309.7516,786.9644,Adobe Identity Management,1.8864553,2.3719146,Mobile Apps and Desktop clients,0.47879428,18.381887,Edge 99.14477,1.1639479,7.1580677,ATTACKTARGET-LT,0.5731405,6.91332,Windows 10,0.7444865,17.743477,_other,-0.0,0.0,786.9644,95.037125,DFP-azure-attacktarget@domain.com:2
43,2022-08-31 06:37:47.367645+00:00,attacktarget@domain.com,Nimblex,NonInteractiveUserSignInLogs,Mobile Apps and Desktop clients,Chrome 100.0.4896,ATTACKTARGET-LT,Windows 10,"Anomalous City, ZZ",NaN,25,1.0,26.0,7.698465614624568,16.855606,13.452052,2.0650140798932575,8.9408,3.9392128,2.0185266058821467,1425.3384,856.46655,Adobe Identity Management,1.891197,2.4183764,Mobile Apps and Desktop clients,0.4708405,19.36582,Edge 99.14477,1.1665735,7.2505302,ATTACKTARGET-LT,0.5686389,7.438571,Windows 10,0.7317042,18.602238,_other,-0.0,0.0,856.46655,103.21482,DFP-azure-attacktarget@domain.com:2
44,2022-08-31 06:55:16.322398+00:00,attacktarget@domain.com,Altoura,NonInteractiveUserSignInLogs,Mobile Apps and Desktop clients,Chrome 100.0.4896,ATTACKTARGET-LT,Windows 10,"Anomalous City, ZZ",NaN,26,1.0,26.0,7.7103763984489655,18.835829,15.127949,2.0651356633398517,8.942842,3.9402242,2.0183350081296423,1425.3612,856.4803,Adobe Identity Management,1.8904555,2.411111,Mobile Apps and Desktop clients,0.46942875,19.540464,Edge 99.14477,1.1627848,7.117107,ATTACKTARGET-LT,0.5677981,7.5366817,Windows 10,0.7315858,18.61019,_other,-0.0,0.0,856.4803,103.41823,DFP-azure-attacktarget@domain.com:2
45,2022-08-31 06:55:47.929401+00:00,attacktarget@domain.com,Adobe Identity Management,NonInteractiveUserSignInLogs,Mobile Apps and Desktop clients,Edge 99.14477,ATTACKTARGET-LT,Windows 10,"New John, XR",NaN,27,2.0,27.0,7.942220282213118,20.451242,16.495102,2.08066297554599,0.051287808,0.46416458,2.014625118320946,1547.1698,929.7236,Adobe Identity Management,1.2101604,4.2548633,Mobile Apps and Desktop clients,0.46257433,20.388401,Edge 99.14477,0.9670064,0.22258368,ATTACKTARGET-LT,0.54756033,9.898051,Windows 10,0.7045612,20.425797,_other,-0.0,0.0,929.7236,111.319176,DFP-azure-attacktarget@domain.com:2
46,2022-08-31 07:22:16.138700+00:00,attacktarget@domain.com,Adobe Identity Management,NonInteractiveUserSignInLogs,Mobile Apps and Desktop clients,Chrome 100.0.4896,ATTACKTARGET-LT,Windows 10,"Anomalous City, ZZ",NaN,28,2.0,27.0,7.928490421520909,22.684816,18.385414,2.086930478023202,0.05956756,0.46006325,2.0202061198634182,1546.4788,929.30804,Adobe Identity Management,1.1929317,4.4236813,Mobile Apps and Desktop clients,0.4644773,20.152992,Edge 99.14477,1.1576202,6.93523,ATTACKTARGET-LT,0.5508129,9.518537,Windows 10,0.7148768,19.73276,_other,-0.0,0.0,929.30804,112.10186,DFP-azure-attacktarget@domain.com:2
47,2022-08-31 07:28:17.581010+00:00,attacktarget@domain.com,Adobe Identity Management,NonInteractiveUserSignInLogs,Mobile Apps and Desktop clients,Edge 99.14477,ATTACKTARGET-LT,Windows 10,"Smithfort, XR",NaN,29,3.0,27.0,8.171120411302827,24.429071,19.861609,2.0902217017980598,6.524343,2.7422326,2.0159287061912368,1547.0084,929.6265,Adobe Identity Management,1.1972108,4.3817515,Mobile Apps and Desktop clients,0.4715706,19.275501,Edge 99.14477,0.98441136,0.83551633,ATTACKTARGET-LT,0.52229375,12.846193,Windows 10,0.6976509,20.89005,_other,-0.0,0.0,929.6265,112.27326,DFP-azure-attacktarget@domain.com:2
48,2022-08-31 07:31:26.530852+00:00,attacktarget@domain.com,TeamViewer,NonInteractiveUserSignInLogs,Mobile Apps and Desktop clients,Chrome 100.0.4896,ATTACKTARGET-LT,Windows 10,"Anomalous City, ZZ",NaN,30,3.0,28.0,8.162553895556037,26.852137,21.91229,2.103802362606955,6.331013,2.6464674,2.035339843457078,1670.827,1004.0784,Adobe Identity Management,1.9191667,2.692442,Mobile Apps and Desktop clients,0.46498024,20.090775,Edge 99.14477,1.1451353,6.495562,ATTACKTARGET-LT,0.5179374,13.354495,Windows 10,0.69195557,21.272684,_other,-0.0,0.0,1004.0784,121.39368,DFP-azure-attacktarget@domain.com:2
49,2022-08-31 07:37:03.001501+00:00,attacktarget@domain.com,Slack,NonInteractiveUserSignInLogs,Mobile Apps and Desktop clients,Chrome 100.0.4896,ATTACKTARGET-LT,Windows 10,"Anomalous City, ZZ",NaN,31,3.0,29.0,8.217156343709132,29.227451,23.92256,2.113012473217935,6.201557,2.5823421,2.0427140947082254,1801.0201,1082.3633,Adobe Identity Management,1.9248347,2.7479813,Mobile Apps and Desktop clients,0.45660064,21.127388,Edge 99.14477,1.1470283,6.5622272,ATTACKTARGET-LT,0.5140805,13.804523,Windows 10,0.6793846,22.117245,_other,-0.0,0.0,1082.3633,130.58083,DFP-azure-attacktarget@domain.com:2
50,2022-08-31 08:30:19.248154+00:00,attacktarget@domain.com,"Nulab Pass (Backlog,Cacoo,Typetalk)",NonInteractiveUserSignInLogs,Mobile Apps and Desktop clients,Chrome 100.0.4896,ATTACKTARGET-LT,Windows 10,"Anomalous City, ZZ",NaN,32,3.0,30.0,8.270583123638009,31.706572,26.020683,2.1223198590781367,6.07209,2.5182111,2.049749732284928,1936.144,1163.613,Adobe Identity Management,1.9308124,2.8065538,Mobile Apps and Desktop clients,0.44821,22.165365,Edge 99.14477,1.1489756,6.6308026,ATTACKTARGET-LT,0.5105157,14.220474,Windows 10,0.6672704,22.931116,_other,-0.0,0.0,1163.613,140.1007,DFP-azure-attacktarget@domain.com:2
51,2022-08-31 08:49:16.716785+00:00,attacktarget@domain.com,Syncplicity,NonInteractiveUserSignInLogs,Mobile Apps and Desktop clients,Chrome 100.0.4896,ATTACKTARGET-LT,Windows 10,"Anomalous City, ZZ",NaN,33,3.0,31.0,8.324859534539733,34.28423,28.2022,2.131671848888277,5.943379,2.4544547,2.056789515687913,2076.154,1247.8008,Adobe Identity Management,1.9371212,2.8683717,Mobile Apps and Desktop clients,0.43996114,23.185804,Edge 99.14477,1.1509991,6.7020607,ATTACKTARGET-LT,0.5070167,14.628738,Windows 10,0.65536666,23.730852,_other,-0.0,0.0,1247.8008,149.95259,DFP-azure-attacktarget@domain.com:2
52,2022-08-31 08:54:09.145432+00:00,attacktarget@domain.com,Zoom,NonInteractiveUserSignInLogs,Mobile Apps and Desktop clients,Chrome 100.0.4896,ATTACKTARGET-LT,Windows 10,"Anomalous City, ZZ",NaN,34,3.0,32.0,8.380230355537158,36.959457,30.466293,2.1410013562695807,5.816351,2.391532,2.0639234983218495,2221.038,1334.9193,Adobe Identity Management,1.943794,2.9337566,Mobile Apps and Desktop clients,0.43182868,24.191845,Edge 99.14477,1.1531094,6.776379,ATTACKTARGET-LT,0.50347954,15.041462,Windows 10,0.6436678,24.516819,_other,-0.0,0.0,1334.9193,160.13748,DFP-azure-attacktarget@domain.com:2
53,2022-08-31 09:03:54.525617+00:00,attacktarget@domain.com,Airstack,NonInteractiveUserSignInLogs,Mobile Apps and Desktop clients,Chrome 100.0.4896,ATTACKTARGET-LT,Windows 10,"Anomalous City, ZZ",NaN,35,3.0,33.0,8.448933789219826,39.695297,32.78168,2.14353632973283,5.782073,2.3745527,2.0297237633022758,2377.1492,1428.7887,Adobe Identity Management,2.359627,7.008359,Mobile Apps and Desktop clients,0.42764518,24.709372,Edge 99.14477,1.1942092,8.223747,ATTACKTARGET-LT,0.4926907,16.300318,Windows 10,0.6312269,25.352644,_other,-0.0,0.0,1428.7887,171.7266,DFP-azure-attacktarget@domain.com:2
54,2022-08-31 09:04:24.805574+00:00,attacktarget@domain.com,Adoddle cSaas Platform,NonInteractiveUserSignInLogs,Mobile Apps and Desktop clients,Chrome 100.0.4896,ATTACKTARGET-LT,Windows 10,"Anomalous City, ZZ",NaN,36,3.0,34.0,8.493571252907334,42.603333,35.2428,2.159560909106696,5.5677304,2.268379,2.078116308656668,2525.476,1517.9773,Adobe Identity Management,1.9584699,3.0775602,Mobile Apps and Desktop clients,0.4161,26.137587,Edge 99.14477,1.1573694,6.9263973,ATTACKTARGET-LT,0.4961409,15.897745,Windows 10,0.62107605,26.034613,_other,-0.0,0.0,1517.9773,181.50693,DFP-azure-attacktarget@domain.com:2
55,2022-08-31 09:18:21.468449+00:00,attacktarget@domain.com,Microdoing,NonInteractiveUserSignInLogs,Mobile Apps and Desktop clients,Chrome 100.0.4896,ATTACKTARGET-LT,Windows 10,"Anomalous City, ZZ",NaN,37,3.0,35.0,8.550214322501205,45.57568,37.75835,2.1688946624613403,5.444748,2.2074602,2.085215477708265,2685.0247,1613.9136,Adobe Identity Management,1.9663343,3.1546214,Mobile Apps and Desktop clients,0.4083826,27.092281,Edge 99.14477,1.1596292,7.00598,ATTACKTARGET-LT,0.49244058,16.329504,Windows 10,0.610014,26.777796,_other,-0.0,0.0,1613.9136,192.6933,DFP-azure-attacktarget@domain.com:2
56,2022-08-31 09:45:43.603793+00:00,attacktarget@domain.com,SD ECDN,NonInteractiveUserSignInLogs,Mobile Apps and Desktop clients,Chrome 100.0.4896,ATTACKTARGET-LT,Windows 10,"Anomalous City, ZZ",NaN,38,3.0,36.0,8.60679107943378,48.648468,40.358906,2.1782456544677453,5.3229165,2.1471117,2.092392262685687,2849.4465,1712.7802,Adobe Identity Management,1.9743402,3.233068,Mobile Apps and Desktop clients,0.40078834,28.031742,Edge 99.14477,1.1618636,7.0846643,ATTACKTARGET-LT,0.4887498,16.760149,Windows 10,0.5991076,27.510525,_other,-0.0,0.0,1712.7802,204.2118,DFP-azure-attacktarget@domain.com:2
57,2022-08-31 10:04:21.133218+00:00,attacktarget@domain.com,FortiGate SSL VPN,NonInteractiveUserSignInLogs,Mobile Apps and Desktop clients,Chrome 100.0.4896,ATTACKTARGET-LT,Windows 10,"Anomalous City, ZZ",NaN,39,3.0,37.0,8.663367836366355,51.821495,43.044296,2.1875966889338834,5.2024636,2.087446,2.099569274831672,3018.7546,1814.5848,Adobe Identity Management,1.9825605,3.313616,Mobile Apps and Desktop clients,0.39330903,28.956982,Edge 99.14477,1.164112,7.163844,ATTACKTARGET-LT,0.48508048,17.188292,Windows 10,0.5883464,28.2335,_other,-0.0,0.0,1814.5848,216.06364,DFP-azure-attacktarget@domain.com:2
58,2022-08-31 10:15:54.643106+00:00,attacktarget@domain.com,Air,NonInteractiveUserSignInLogs,Mobile Apps and Desktop clients,Chrome 100.0.4896,ATTACKTARGET-LT,Windows 10,"Anomalous City, ZZ",NaN,40,3.0,38.0,8.719445992417597,55.096508,45.815994,2.19694451769015,5.083429,2.0284827,2.1067599170914604,3192.9458,1919.3257,Adobe Identity Management,1.990993,3.3962433,Mobile Apps and Desktop clients,0.3858899,29.874779,Edge 99.14477,1.1663755,7.243557,ATTACKTARGET-LT,0.48141995,17.615406,Windows 10,0.5777529,28.94521,_other,-0.0,0.0,1919.3257,228.24948,DFP-azure-attacktarget@domain.com:2
59,2022-08-31 10:22:21.598548+00:00,attacktarget@domain.com,Articulate 360,NonInteractiveUserSignInLogs,Mobile Apps and Desktop clients,Chrome 100.0.4896,ATTACKTARGET-LT,Windows 10,"Anomalous City, ZZ",NaN,41,3.0,39.0,8.7375290030211,58.609825,48.789375,2.2015058607001032,5.025846,1.9999592,2.095973877978923,3375.3105,2028.9812,Adobe Identity Management,2.5727887,9.097056,Mobile Apps and Desktop clients,0.38324827,30.201565,Edge 99.14477,1.1912826,8.120685,ATTACKTARGET-LT,0.46766508,19.220346,Windows 10,0.56810033,29.5937,_other,-0.0,0.0,2028.9812,241.77821,DFP-azure-attacktarget@domain.com:2
60,2022-08-31 10:26:43.758358+00:00,attacktarget@domain.com,Dream Broker Studio,NonInteractiveUserSignInLogs,Mobile Apps and Desktop clients,Chrome 100.0.4896,ATTACKTARGET-LT,Windows 10,"Anomalous City, ZZ",NaN,42,3.0,40.0,8.832744942005816,61.94328,51.61054,2.2154794863416263,4.8514805,1.913588,2.1214495450744093,3555.9282,2137.5864,Adobe Identity Management,2.0084977,3.5677657,Mobile Apps and Desktop clients,0.3710761,31.707342,Edge 99.14477,1.1712462,7.415082,ATTACKTARGET-LT,0.47421974,18.455538,Windows 10,0.55691683,30.345047,_other,-0.0,0.0,2137.5864,253.62239,DFP-azure-attacktarget@domain.com:2
61,2022-08-31 11:02:49.675926+00:00,attacktarget@domain.com,Qubie,NonInteractiveUserSignInLogs,Mobile Apps and Desktop clients,Chrome 100.0.4896,ATTACKTARGET-LT,Windows 10,"Anomalous City, ZZ",NaN,43,3.0,41.0,8.88971831898455,65.515755,54.633987,2.2247228853835925,4.7378316,1.8572927,2.128817151645077,3744.7407,2251.119,Adobe Identity Management,2.017404,3.655036,Mobile Apps and Desktop clients,0.3638022,32.607174,Edge 99.14477,1.1738163,7.5055923,ATTACKTARGET-LT,0.47064048,18.87317,Windows 10,0.5466769,31.033003,_other,-0.0,0.0,2251.119,266.80936,DFP-azure-attacktarget@domain.com:2
62,2022-08-31 11:11:04.709046+00:00,attacktarget@domain.com,Zoho One,NonInteractiveUserSignInLogs,Mobile Apps and Desktop clients,Chrome 100.0.4896,ATTACKTARGET-LT,Windows 10,"Anomalous City, ZZ",NaN,44,3.0,42.0,8.946379222665358,69.18963,57.743248,2.2339953693429386,4.625179,1.8014905,2.136122892643649,3938.4497,2367.5957,Adobe Identity Management,2.0264478,3.7436519,Mobile Apps and Desktop clients,0.35663134,33.494255,Edge 99.14477,1.1763854,7.5960646,ATTACKTARGET-LT,0.46705624,19.291386,Windows 10,0.5365277,31.714859,_other,-0.0,0.0,2367.5957,280.3312,DFP-azure-attacktarget@domain.com:2
63,2022-08-31 11:41:21.035196+00:00,attacktarget@domain.com,SAP SuccessFactors,NonInteractiveUserSignInLogs,Mobile Apps and Desktop clients,Chrome 100.0.4896,ATTACKTARGET-LT,Windows 10,"Anomalous City, ZZ",NaN,45,3.0,43.0,9.002776131622602,72.96477,60.938217,2.243285431631913,4.5136704,1.7462554,2.1433727501756272,4137.0557,2487.0173,Adobe Identity Management,2.0357013,3.834324,Mobile Apps and Desktop clients,0.34956917,34.367893,Edge 99.14477,1.1789668,7.6869698,ATTACKTARGET-LT,0.46346337,19.710608,Windows 10,0.5264832,32.389683,_other,-0.0,0.0,2487.0173,294.18793,DFP-azure-attacktarget@domain.com:2
64,2022-08-31 11:45:32.050381+00:00,attacktarget@domain.com,ServiceNow,NonInteractiveUserSignInLogs,Mobile Apps and Desktop clients,Chrome 100.0.4896,ATTACKTARGET-LT,Windows 10,"Anomalous City, ZZ",NaN,46,3.0,44.0,9.059314457353743,76.83959,64.217545,2.252587594944907,4.403381,1.691624,2.1506525182351184,4340.539,2609.3716,Adobe Identity Management,2.0451343,3.9267547,Mobile Apps and Desktop clients,0.34262225,35.227272,Edge 99.14477,1.1816349,7.780931,ATTACKTARGET-LT,0.459899,20.126501,Windows 10,0.5165771,33.055206,_other,-0.0,0.0,2609.3716,308.3775,DFP-azure-attacktarget@domain.com:2
65,2022-08-31 12:02:02.230472+00:00,attacktarget@domain.com,Airstack,NonInteractiveUserSignInLogs,Mobile Apps and Desktop clients,Chrome 100.0.4896,ATTACKTARGET-LT,Windows 10,"Anomalous City, ZZ",NaN,47,3.0,44.0,9.09206688360997,80.91617,67.667625,2.2462815602596327,4.4779987,1.7285856,2.10680614589411,4349.6387,2614.843,Adobe Identity Management,2.6102514,9.46414,Mobile Apps and Desktop clients,0.34612697,34.793716,Edge 99.14477,1.2198546,9.126874,ATTACKTARGET-LT,0.45209372,21.037233,Windows 10,0.51340663,33.26821,_other,-0.0,0.0,2614.843,310.2144,DFP-azure-attacktarget@domain.com:2
66,2022-08-31 12:31:02.532257+00:00,attacktarget@domain.com,Sunrise Software Relations CRM,NonInteractiveUserSignInLogs,Mobile Apps and Desktop clients,Chrome 100.0.4896,ATTACKTARGET-LT,Windows 10,"Anomalous City, ZZ",NaN,48,3.0,45.0,9.130173052528516,85.0747,71.187065,2.2617796177094576,4.2957373,1.6383033,2.1568338127063447,4549.1406,2734.8032,Adobe Identity Management,2.0541658,4.0152516,Mobile Apps and Desktop clients,0.33567286,36.08696,Edge 99.14477,1.1803261,7.7348404,ATTACKTARGET-LT,0.45609283,20.570612,Windows 10,0.506395,33.739277,_other,-0.0,0.0,2734.8032,323.30838,DFP-azure-attacktarget@domain.com:2
67,2022-08-31 12:45:59.828475+00:00,attacktarget@domain.com,TonicDM,NonInteractiveUserSignInLogs,Mobile Apps and Desktop clients,Chrome 100.0.4896,ATTACKTARGET-LT,Windows 10,"Anomalous City, ZZ",NaN,49,3.0,46.0,9.186670184030671,89.25492,74.72485,2.2710918015195336,4.188045,1.5849584,2.164170713659528,4762.3867,2863.0278,Adobe Identity Management,2.063933,4.1109557,Mobile Apps and Desktop clients,0.32898328,36.914505,Edge 99.14477,1.183087,7.8320675,ATTACKTARGET-LT,0.45261848,20.976004,Windows 10,0.49678594,34.384846,_other,-0.0,0.0,2863.0278,338.17288,DFP-azure-attacktarget@domain.com:2
68,2022-08-31 12:46:38.753883+00:00,attacktarget@domain.com,Adobe Identity Management,NonInteractiveUserSignInLogs,Mobile Apps and Desktop clients,Edge 99.14477,ATTACKTARGET-LT,Windows 10,"New John, XR",NaN,50,3.0,46.0,9.274905710676743,93.38977,78.22425,2.266810119543627,4.237392,1.6094022,2.1531300943102867,4764.7856,2864.4702,Adobe Identity Management,0.8739166,7.549598,Mobile Apps and Desktop clients,0.3275816,37.087902,Edge 99.14477,0.9036908,2.0071342,ATTACKTARGET-LT,0.45325935,20.901226,Windows 10,0.4903859,34.814823,_other,-0.0,0.0,2864.4702,338.51828,DFP-azure-attacktarget@domain.com:2
69,2022-08-31 13:04:29.135073+00:00,attacktarget@domain.com,Mitel Connect,NonInteractiveUserSignInLogs,Mobile Apps and Desktop clients,Chrome 100.0.4896,ATTACKTARGET-LT,Windows 10,"Anomalous City, ZZ",NaN,51,3.0,47.0,9.25747904470947,98.11433,82.222725,2.2802821258947485,4.083102,1.5329756,2.1702732563621128,4980.7925,2994.3547,Adobe Identity Management,2.0734406,4.204118,Mobile Apps and Desktop clients,0.3222363,37.749153,Edge 99.14477,1.1818106,7.787119,ATTACKTARGET-LT,0.44884062,21.416811,Windows 10,0.4868266,35.053947,_other,-0.0,0.0,2994.3547,353.8135,DFP-azure-attacktarget@domain.com:2
70,2022-08-31 13:06:40.845776+00:00,attacktarget@domain.com,Kintone,NonInteractiveUserSignInLogs,Mobile Apps and Desktop clients,Chrome 100.0.4896,ATTACKTARGET-LT,Windows 10,"Anomalous City, ZZ",NaN,52,3.0,48.0,9.31387896787859,102.60029,86.01927,2.2895897240536174,3.9781773,1.4810014,2.1776007676813425,5203.815,3128.4578,Adobe Identity Management,2.0836072,4.303737,Mobile Apps and Desktop clients,0.31577846,38.54803,Edge 99.14477,1.1845697,7.884283,ATTACKTARGET-LT,0.44541636,21.816359,Windows 10,0.4775081,35.68,_other,-0.0,0.0,3128.4578,369.3545,DFP-azure-attacktarget@domain.com:2
71,2022-08-31 15:03:06.756156+00:00,attacktarget@domain.com,WorkPatterns,NonInteractiveUserSignInLogs,Mobile Apps and Desktop clients,Chrome 100.0.4896,ATTACKTARGET-LT,Windows 10,"Anomalous City, ZZ",NaN,53,3.0,49.0,9.37084631643357,107.18369,89.89829,2.2989236047874617,3.874328,1.4295601,2.1849841246057387,5431.71,3265.4905,Adobe Identity Management,2.0939214,4.404803,Mobile Apps and Desktop clients,0.3094073,39.336185,Edge 99.14477,1.1874573,7.985973,ATTACKTARGET-LT,0.44197577,22.217812,Windows 10,0.46835655,36.29483,_other,-0.0,0.0,3265.4905,385.22867,DFP-azure-attacktarget@domain.com:2
72,2022-08-31 15:05:52.419785+00:00,attacktarget@domain.com,ArcGIS Enterprise,NonInteractiveUserSignInLogs,Mobile Apps and Desktop clients,Chrome 100.0.4896,ATTACKTARGET-LT,Windows 10,"Anomalous City, ZZ",NaN,54,3.0,49.0,9.423976322084716,111.88652,93.87837,2.2992732606920203,3.870464,1.4276462,2.162644368082121,5436.8955,3268.6086,Adobe Identity Management,1.7803319,1.332048,Mobile Apps and Desktop clients,0.3092897,39.350735,Edge 99.14477,1.2037367,8.559265,ATTACKTARGET-LT,0.44530702,21.829117,Windows 10,0.46707994,36.380596,_other,-0.0,0.0,3268.6086,385.70737,DFP-azure-attacktarget@domain.com:2
73,2022-08-31 15:06:29.613104+00:00,attacktarget@domain.com,Articulate 360,NonInteractiveUserSignInLogs,Mobile Apps and Desktop clients,Edge 99.14477,ATTACKTARGET-LT,Windows 10,"New John, XR",NaN,55,3.0,49.0,9.408027875858824,117.04474,98.243866,2.2867610990741656,4.0099206,1.4967253,2.161758032070634,5437.101,3268.7322,Adobe Identity Management,2.8017416,11.340486,Mobile Apps and Desktop clients,0.31316108,38.87182,Edge 99.14477,0.8734981,3.0704,ATTACKTARGET-LT,0.42815572,23.830355,Windows 10,0.46133327,36.766678,_other,-0.0,0.0,3268.7322,386.92807,DFP-azure-attacktarget@domain.com:2
74,2022-08-31 15:11:36.387859+00:00,attacktarget@domain.com,Qlik Sense Enterprise Client-Managed,NonInteractiveUserSignInLogs,Mobile Apps and Desktop clients,Chrome 100.0.4896,ATTACKTARGET-LT,Windows 10,"Anomalous City, ZZ",NaN,56,3.0,50.0,9.455199538181976,121.988106,102.42752,2.3079894372243444,3.7747755,1.3802474,2.1896073834849656,5665.143,3405.8535,Adobe Identity Management,2.102995,4.4937105,Mobile Apps and Desktop clients,0.3027961,40.154034,Edge 99.14477,1.1824176,7.8084955,ATTACKTARGET-LT,0.4377578,22.70997,Windows 10,0.45839113,36.96434,_other,-0.0,0.0,3405.8535,402.42133,DFP-azure-attacktarget@domain.com:2
75,2022-08-31 15:24:45.394418+00:00,attacktarget@domain.com,InviteDesk,NonInteractiveUserSignInLogs,Mobile Apps and Desktop clients,Chrome 100.0.4896,ATTACKTARGET-LT,Windows 10,"Anomalous City, ZZ",NaN,57,3.0,51.0,9.511308338720637,126.985916,106.65726,2.3172979270376146,3.6739066,1.3302823,2.1969443980224304,5902.829,3548.7737,Adobe Identity Management,2.1138463,4.6000395,Mobile Apps and Desktop clients,0.2966817,40.910427,Edge 99.14477,1.1851125,7.903397,ATTACKTARGET-LT,0.43443444,23.097744,Windows 10,0.4495119,37.56088,_other,-0.0,0.0,3548.7737,418.98154,DFP-azure-attacktarget@domain.com:2
76,2022-08-31 15:42:25.198263+00:00,attacktarget@domain.com,Atlassian Cloud,NonInteractiveUserSignInLogs,Mobile Apps and Desktop clients,Chrome 100.0.4896,ATTACKTARGET-LT,Windows 10,"Anomalous City, ZZ",NaN,58,3.0,52.0,9.56740282175288,132.08414,110.97197,2.3266104505255583,3.574361,1.280973,2.204300002520666,6145.3975,3694.6296,Adobe Identity Management,2.1248875,4.708228,Mobile Apps and Desktop clients,0.29067525,41.653465,Edge 99.14477,1.1878213,7.99879,ATTACKTARGET-LT,0.4311256,23.483824,Windows 10,0.4407669,38.14839,_other,-0.0,0.0,3694.6296,435.87503,DFP-azure-attacktarget@domain.com:2
77,2022-08-31 15:42:39.416316+00:00,attacktarget@domain.com,Viima,NonInteractiveUserSignInLogs,Mobile Apps and Desktop clients,Chrome 100.0.4896,ATTACKTARGET-LT,Windows 10,"Anomalous City, ZZ",NaN,59,3.0,53.0,9.625067709173077,137.27394,115.36419,2.33593868411486,3.4760182,1.2322593,2.211809551582024,6392.8086,3843.3975,Adobe Identity Management,2.1361203,4.818295,Mobile Apps and Desktop clients,0.28475386,42.38598,Edge 99.14477,1.1906917,8.0998745,ATTACKTARGET-LT,0.4277923,23.872757,Windows 10,0.43217608,38.725555,_other,-0.0,0.0,3843.3975,453.0996,DFP-azure-attacktarget@domain.com:2
78,2022-08-31 15:45:18.539951+00:00,attacktarget@domain.com,Workday,NonInteractiveUserSignInLogs,Mobile Apps and Desktop clients,Chrome 100.0.4896,ATTACKTARGET-LT,Windows 10,"Anomalous City, ZZ",NaN,60,3.0,54.0,9.683378391487937,142.56015,119.838005,2.345268616093498,3.3790295,1.1842164,2.219376725735629,6645.0894,3995.0933,Adobe Identity Management,2.1475458,4.930249,Mobile Apps and Desktop clients,0.2789322,43.106155,Edge 99.14477,1.1936545,8.204214,ATTACKTARGET-LT,0.42446098,24.261463,Windows 10,0.42373317,39.292778,_other,-0.0,0.0,3995.0933,470.65674,DFP-azure-attacktarget@domain.com:2
79,2022-08-31 16:02:29.862817+00:00,attacktarget@domain.com,Dropbox Business,NonInteractiveUserSignInLogs,Mobile Apps and Desktop clients,Chrome 100.0.4896,ATTACKTARGET-LT,Windows 10,"Anomalous City, ZZ",NaN,61,3.0,55.0,9.741941262863175,147.94472,124.39506,2.3545779975611696,3.2836223,1.1369569,2.226968547678361,6902.2437,4149.7197,Adobe Identity Management,2.1590724,5.0431943,Mobile Apps and Desktop clients,0.27320048,43.81521,Edge 99.14477,1.1966511,8.30974,ATTACKTARGET-LT,0.4211195,24.65135,Windows 10,0.41540354,39.85239,_other,-0.0,0.0,4149.7197,488.5471,DFP-azure-attacktarget@domain.com:2
80,2022-08-31 16:05:32.397151+00:00,attacktarget@domain.com,GlassFrog,NonInteractiveUserSignInLogs,Mobile Apps and Desktop clients,Chrome 100.0.4896,ATTACKTARGET-LT,Windows 10,"Anomalous City, ZZ",NaN,62,3.0,56.0,9.800740498686443,153.4277,129.0354,2.3638552794703904,3.1899033,1.0905337,2.234496913869054,7164.299,4307.293,Adobe Identity Management,2.1707284,5.1574078,Mobile Apps and Desktop clients,0.26754922,44.51431,Edge 99.14477,1.1996045,8.413748,ATTACKTARGET-LT,0.41780204,25.038437,Windows 10,0.40720737,40.403038,_other,-0.0,0.0,4307.293,506.77176,DFP-azure-attacktarget@domain.com:2
81,2022-08-31 16:07:53.723661+00:00,attacktarget@domain.com,UKG Pro,NonInteractiveUserSignInLogs,Mobile Apps and Desktop clients,Chrome 100.0.4896,ATTACKTARGET-LT,Windows 10,"Anomalous City, ZZ",NaN,63,3.0,57.0,9.859723099065565,159.0094,133.7593,2.373130438392941,3.0975623,1.044793,2.242001692390581,7431.2417,4467.805,Adobe Identity Management,2.1825643,5.2733827,Mobile Apps and Desktop clients,0.26201132,45.199383,Edge 99.14477,1.2026306,8.520315,ATTACKTARGET-LT,0.41453746,25.419353,Windows 10,0.39913666,40.945255,_other,-0.0,0.0,4467.805,525.3297,DFP-azure-attacktarget@domain.com:2
82,2022-08-31 16:12:34.052052+00:00,attacktarget@domain.com,Microsoft Cloud App Security,NonInteractiveUserSignInLogs,Mobile Apps and Desktop clients,Chrome 100.0.4896,ATTACKTARGET-LT,Windows 10,"Anomalous City, ZZ",NaN,64,3.0,58.0,9.918796628169645,164.69023,138.56708,2.382403474328821,3.006598,0.9997343,2.2494927650754506,7703.0703,4631.2554,Adobe Identity Management,2.1945736,5.3910584,Mobile Apps and Desktop clients,0.2565765,45.871704,Edge 99.14477,1.2056868,8.627941,ATTACKTARGET-LT,0.4112995,25.797163,Windows 10,0.39120358,41.47823,_other,-0.0,0.0,4631.2554,544.22095,DFP-azure-attacktarget@domain.com:2
83,2022-08-31 16:44:59.758695+00:00,attacktarget@domain.com,Adoddle cSaas Platform,NonInteractiveUserSignInLogs,Mobile Apps and Desktop clients,Chrome 100.0.4896,ATTACKTARGET-LT,Windows 10,"Anomalous City, ZZ",NaN,65,3.0,58.0,9.929448601758882,170.77095,143.7133,2.3822336353952163,3.008252,1.0005535,2.2477309214206644,7703.5576,4631.5483,Adobe Identity Management,2.1941845,5.387246,Mobile Apps and Desktop clients,0.25655565,45.874287,Edge 99.14477,1.2016451,8.48561,ATTACKTARGET-LT,0.41109657,25.82084,Windows 10,0.39077356,41.507122,_other,-0.0,0.0,4631.5483,544.81525,DFP-azure-attacktarget@domain.com:2
84,2022-08-31 16:47:43.609735+00:00,attacktarget@domain.com,Smartsheet,NonInteractiveUserSignInLogs,Mobile Apps and Desktop clients,Chrome 100.0.4896,ATTACKTARGET-LT,Windows 10,"Anomalous City, ZZ",NaN,66,3.0,59.0,9.988498017167945,176.65646,148.6943,2.391503529310825,2.9186485,0.9561689,2.2552148761572144,7980.2812,4797.942,Adobe Identity Management,2.2063756,5.506702,Mobile Apps and Desktop clients,0.2512242,46.533825,Edge 99.14477,1.2047056,8.593388,ATTACKTARGET-LT,0.40787715,26.196487,Windows 10,0.3829805,42.030685,_other,-0.0,0.0,4797.942,564.0504,DFP-azure-attacktarget@domain.com:2
85,2022-08-31 17:01:04.445938+00:00,attacktarget@domain.com,CallPlease,NonInteractiveUserSignInLogs,Mobile Apps and Desktop clients,Chrome 100.0.4896,ATTACKTARGET-LT,Windows 10,"Anomalous City, ZZ",NaN,67,3.0,60.0,10.047648911043536,182.64108,153.7592,2.400786755582722,2.8302739,0.9123929,2.2626797108730123,8261.891,4967.273,Adobe Identity Management,2.2187643,5.6280947,Mobile Apps and Desktop clients,0.24601592,47.178123,Edge 99.14477,1.2077494,8.700577,ATTACKTARGET-LT,0.40469146,26.5682,Windows 10,0.37533417,42.54439,_other,-0.0,0.0,4967.273,583.61816,DFP-azure-attacktarget@domain.com:2
86,2022-08-31 17:03:03.854501+00:00,attacktarget@domain.com,Salesforce,NonInteractiveUserSignInLogs,Mobile Apps and Desktop clients,Chrome 100.0.4896,ATTACKTARGET-LT,Windows 10,"Anomalous City, ZZ",NaN,68,3.0,61.0,10.106655625117675,188.7263,158.90923,2.4100665850759464,2.7432897,0.86930573,2.27011009169003,8548.3955,5139.548,Adobe Identity Management,2.2312348,5.7502885,Mobile Apps and Desktop clients,0.24092767,47.80757,Edge 99.14477,1.2108369,8.809306,ATTACKTARGET-LT,0.4015614,26.933416,Windows 10,0.36779028,43.051212,_other,-0.0,0.0,5139.548,603.51984,DFP-azure-attacktarget@domain.com:2
87,2022-08-31 17:07:25.123132+00:00,attacktarget@domain.com,Office 365 SharePoint Online,NonInteractiveUserSignInLogs,Mobile Apps and Desktop clients,Chrome 100.0.4896,ATTACKTARGET-LT,Windows 10,"Anomalous City, ZZ",NaN,69,3.0,62.0,10.165555334670177,194.91196,164.14426,2.4193413194011626,2.6577096,0.826914,2.2775148024593848,8839.79,5314.7627,Adobe Identity Management,2.2438312,5.873716,Mobile Apps and Desktop clients,0.23594135,48.42441,Edge 99.14477,1.2139649,8.919464,ATTACKTARGET-LT,0.39847046,27.294073,Windows 10,0.36035842,43.55051,_other,-0.0,0.0,5314.7627,623.7551,DFP-azure-attacktarget@domain.com:2
88,2022-08-31 17:07:37.656495+00:00,attacktarget@domain.com,Adobe Identity Management,NonInteractiveUserSignInLogs,Mobile Apps and Desktop clients,Edge 99.14477,ATTACKTARGET-LT,Windows 10,"New John, XR",NaN,70,3.0,62.0,10.257306437102201,200.97624,169.27657,2.41459041491144,2.7013779,0.8485449,2.267418409243868,8842.78,5316.561,Adobe Identity Management,0.66230464,9.62311,Mobile Apps and Desktop clients,0.23496157,48.545616,Edge 99.14477,0.8458327,4.0446625,ATTACKTARGET-LT,0.39968476,27.152388,Windows 10,0.3551489,43.900505,_other,-0.0,0.0,5316.561,624.43915,DFP-azure-attacktarget@domain.com:2
89,2022-08-31 17:11:41.344229+00:00,attacktarget@domain.com,Bipsync,NonInteractiveUserSignInLogs,Mobile Apps and Desktop clients,Chrome 100.0.4896,ATTACKTARGET-LT,Windows 10,"Anomalous City, ZZ",NaN,71,3.0,63.0,10.235355690291776,207.91083,175.14542,2.428457594001326,2.5749133,0.78590125,2.2831500594270797,9136.602,5493.235,Adobe Identity Management,2.2564006,5.996879,Mobile Apps and Desktop clients,0.23107274,49.026695,Edge 99.14477,1.2128974,8.88187,ATTACKTARGET-LT,0.3951451,27.682083,Windows 10,0.35273254,44.062843,_other,-0.0,0.0,5493.235,644.9796,DFP-azure-attacktarget@domain.com:2
90,2022-08-31 17:18:23.904913+00:00,attacktarget@domain.com,COINS Construction Cloud - Project and Productivity Apps,NonInteractiveUserSignInLogs,Mobile Apps and Desktop clients,Chrome 100.0.4896,ATTACKTARGET-LT,Windows 10,"Anomalous City, ZZ",NaN,72,3.0,64.0,10.294092632402915,214.40192,180.63895,2.4377171277419847,2.492157,0.74490833,2.2905473114952697,9437.776,5674.331,Adobe Identity Management,2.269352,6.1237855,Mobile Apps and Desktop clients,0.22627166,49.620617,Edge 99.14477,1.2160505,8.992909,ATTACKTARGET-LT,0.39208615,28.039005,Windows 10,0.34554997,44.545395,_other,-0.0,0.0,5674.331,665.89294,DFP-azure-attacktarget@domain.com:2
91,2022-08-31 17:42:17.648583+00:00,attacktarget@domain.com,Beatrust,NonInteractiveUserSignInLogs,Mobile Apps and Desktop clients,Chrome 100.0.4896,ATTACKTARGET-LT,Windows 10,"Anomalous City, ZZ",NaN,73,3.0,64.0,10.305142733144248,221.32933,186.50174,2.437545590419044,2.4936776,0.74566156,2.2887307959395615,9438.332,5674.665,Adobe Identity Management,2.2689466,6.119814,Mobile Apps and Desktop clients,0.22629438,49.617805,Edge 99.14477,1.2120261,8.851187,ATTACKTARGET-LT,0.3918034,28.071995,Windows 10,0.34523553,44.56652,_other,-0.0,0.0,5674.665,666.5711,DFP-azure-attacktarget@domain.com:2
92,2022-08-31 17:56:37.517518+00:00,attacktarget@domain.com,Air,NonInteractiveUserSignInLogs,Mobile Apps and Desktop clients,Chrome 100.0.4896,ATTACKTARGET-LT,Windows 10,"Anomalous City, ZZ",NaN,74,3.0,64.0,10.316108184768702,228.36751,192.45827,2.437346411809659,2.495444,0.74653655,2.2869976512466166,9438.861,5674.9834,Adobe Identity Management,2.2681766,6.112268,Mobile Apps and Desktop clients,0.22637272,49.608116,Edge 99.14477,1.2086482,8.73223,ATTACKTARGET-LT,0.39155814,28.100613,Windows 10,0.34505758,44.578472,_other,-0.0,0.0,5674.9834,667.25775,DFP-azure-attacktarget@domain.com:2
93,2022-08-31 18:32:49.908842+00:00,attacktarget@domain.com,Bipsync,NonInteractiveUserSignInLogs,Mobile Apps and Desktop clients,Chrome 100.0.4896,ATTACKTARGET-LT,Windows 10,"Anomalous City, ZZ",NaN,75,3.0,64.0,10.325832283468447,235.5249,198.5157,2.4370702961633515,2.497894,0.74775016,2.285311492584866,9439.377,5675.2935,Adobe Identity Management,2.2673342,6.1040144,Mobile Apps and Desktop clients,0.22650437,49.591827,Edge 99.14477,1.2052703,8.613274,ATTACKTARGET-LT,0.39120075,28.142313,Windows 10,0.3448861,44.589996,_other,-0.0,0.0,5675.2935,667.9554,DFP-azure-attacktarget@domain.com:2
94,2022-08-31 19:12:44.414436+00:00,attacktarget@domain.com,Adobe Identity Management,NonInteractiveUserSignInLogs,Mobile Apps and Desktop clients,Chrome 100.0.4896,ATTACKTARGET-LT,Windows 10,"Anomalous City, ZZ",NaN,76,3.0,64.0,10.40167311969169,242.30403,204.25299,2.439561111503864,2.475838,0.73682475,2.2796418195798176,9441.111,5676.3364,Adobe Identity Management,0.63095945,9.93025,Mobile Apps and Desktop clients,0.22576424,49.683388,Edge 99.14477,1.2071216,8.67847,ATTACKTARGET-LT,0.39380693,27.83822,Windows 10,0.34430712,44.62889,_other,-0.0,0.0,5676.3364,669.1206,DFP-azure-attacktarget@domain.com:2
95,2022-08-31 19:27:54.174517+00:00,attacktarget@domain.com,Palo Alto Networks - GlobalProtect,NonInteractiveUserSignInLogs,Mobile Apps and Desktop clients,Chrome 100.0.4896,ATTACKTARGET-LT,Windows 10,"Anomalous City, ZZ",NaN,77,3.0,65.0,10.392772152018706,249.81462,210.60933,2.445966034908229,2.4195714,0.7089534,2.2910202764442444,9745.983,5859.6553,Adobe Identity Management,2.279819,6.2263484,Mobile Apps and Desktop clients,0.22194673,50.155643,Edge 99.14477,1.2048743,8.599327,ATTACKTARGET-LT,0.387739,28.546236,Windows 10,0.3376966,45.07301,_other,-0.0,0.0,5859.6553,689.9527,DFP-azure-attacktarget@domain.com:2
96,2022-08-31 19:33:22.158318+00:00,attacktarget@domain.com,AWS Single-Account Access,NonInteractiveUserSignInLogs,Mobile Apps and Desktop clients,Chrome 100.0.4896,ATTACKTARGET-LT,Windows 10,"Anomalous City, ZZ",NaN,78,3.0,66.0,10.450510887629891,256.93268,216.63347,2.4551555525485096,2.3399723,0.6695244,2.2983557008017654,10056.9795,6046.6567,Adobe Identity Management,2.2932353,6.35781,Mobile Apps and Desktop clients,0.2173267,50.72717,Edge 99.14477,1.2079765,8.708573,ATTACKTARGET-LT,0.38469923,28.90092,Windows 10,0.33075592,45.539307,_other,-0.0,0.0,6046.6567,711.5771,DFP-azure-attacktarget@domain.com:2
97,2022-08-31 19:39:18.249989+00:00,attacktarget@domain.com,AWS Single-Account Access,NonInteractiveUserSignInLogs,Mobile Apps and Desktop clients,Chrome 100.0.4896,ATTACKTARGET-LT,Windows 10,"Anomalous City, ZZ",NaN,79,3.0,66.0,10.459456063743737,264.52713,223.0608,2.4547469200742564,2.3434837,0.6712637,2.2967333007834725,10057.492,6046.965,Adobe Identity Management,2.2919335,6.345054,Mobile Apps and Desktop clients,0.21750511,50.7051,Edge 99.14477,1.204559,8.588223,ATTACKTARGET-LT,0.38412905,28.967451,Windows 10,0.3305405,45.55378,_other,-0.0,0.0,6046.965,712.3174,DFP-azure-attacktarget@domain.com:2
98,2022-08-31 19:58:10.772357+00:00,attacktarget@domain.com,Adobe Identity Management,NonInteractiveUserSignInLogs,Mobile Apps and Desktop clients,Edge 99.14477,ATTACKTARGET-LT,Windows 10,"New John, XR",NaN,80,3.0,66.0,10.553836061301212,271.56366,229.01595,2.4502762073652478,2.3820713,0.6903779,2.2887724056480887,10060.005,6048.4756,Adobe Identity Management,0.6212695,10.0252,Mobile Apps and Desktop clients,0.2144228,51.0864,Edge 99.14477,0.84518814,4.0673614,ATTACKTARGET-LT,0.38553023,28.803959,Windows 10,0.3245111,45.958855,_other,-0.0,0.0,6048.4756,713.1249,DFP-azure-attacktarget@domain.com:2
99,2022-08-31 20:00:04.426232+00:00,attacktarget@domain.com,Cisco AnyConnect,NonInteractiveUserSignInLogs,Mobile Apps and Desktop clients,Chrome 100.0.4896,ATTACKTARGET-LT,Windows 10,"Anomalous City, ZZ",NaN,81,3.0,67.0,10.526670979127779,279.65643,235.86499,2.4635724304200886,2.268234,0.63398916,2.302538782728,10373.868,6237.201,Adobe Identity Management,2.3041198,6.464463,Mobile Apps and Desktop clients,0.21312323,51.247166,Edge 99.14477,1.2043996,8.582611,ATTACKTARGET-LT,0.38049242,29.391777,Windows 10,0.3235284,46.024876,_other,-0.0,0.0,6237.201,735.0457,DFP-azure-attacktarget@domain.com:2
100,2022-08-31 20:05:36.944637+00:00,attacktarget@domain.com,Perforce Helix Core - Helix Authentication Service,NonInteractiveUserSignInLogs,Mobile Apps and Desktop clients,Chrome 100.0.4896,ATTACKTARGET-LT,Windows 10,"Anomalous City, ZZ",NaN,82,3.0,68.0,10.583820436316998,287.1894,242.24026,2.472715709410695,2.19157,0.596014,2.3097788720117527,10694.678,6430.1035,Adobe Identity Management,2.3179514,6.5999947,Mobile Apps and Desktop clients,0.20869005,51.79558,Edge 99.14477,1.2073544,8.686668,ATTACKTARGET-LT,0.3775549,29.734531,Windows 10,0.31683072,46.47485,_other,-0.0,0.0,6430.1035,757.3591,DFP-azure-attacktarget@domain.com:2
101,2022-08-31 20:20:42.997101+00:00,attacktarget@domain.com,deBroome Brand Portal,NonInteractiveUserSignInLogs,Mobile Apps and Desktop clients,Chrome 100.0.4896,ATTACKTARGET-LT,Windows 10,"Anomalous City, ZZ",NaN,83,3.0,69.0,10.641433077397991,294.81873,248.69711,2.4818974993794964,2.1159093,0.5585359,2.3170994925512263,11020.345,6625.9263,Adobe Identity Management,2.3318784,6.73646,Mobile Apps and Desktop clients,0.20432293,52.33582,Edge 99.14477,1.210457,8.795927,ATTACKTARGET-LT,0.37458938,30.080553,Windows 10,0.31026185,46.916172,_other,-0.0,0.0,6625.9263,780.0052,DFP-azure-attacktarget@domain.com:2
102,2022-08-31 20:22:28.904701+00:00,attacktarget@domain.com,Kiteworks,NonInteractiveUserSignInLogs,Mobile Apps and Desktop clients,Chrome 100.0.4896,ATTACKTARGET-LT,Windows 10,"Anomalous City, ZZ",NaN,84,3.0,70.0,10.69909645771225,302.5476,255.23819,2.491082473828303,2.041552,0.5217033,2.324406975175451,11350.901,6824.6895,Adobe Identity Management,2.345942,6.8742647,Mobile Apps and Desktop clients,0.20003836,52.86585,Edge 99.14477,1.2136166,8.907197,ATTACKTARGET-LT,0.37164497,30.42411,Windows 10,0.3038087,47.349716,_other,-0.0,0.0,6824.6895,802.9856,DFP-azure-attacktarget@domain.com:2
103,2022-08-31 20:25:03.930828+00:00,attacktarget@domain.com,SAML SSO for Jira by resolution GmbH,NonInteractiveUserSignInLogs,Mobile Apps and Desktop clients,Chrome 100.0.4896,ATTACKTARGET-LT,Windows 10,"Anomalous City, ZZ",NaN,85,3.0,71.0,10.756597070585146,310.37793,261.86514,2.50025759761896,1.9686027,0.4855682,2.3316548260517855,11686.365,7026.4033,Adobe Identity Management,2.3601327,7.013314,Mobile Apps and Desktop clients,0.19584367,53.38476,Edge 99.14477,1.2168276,9.020276,ATTACKTARGET-LT,0.36874184,30.762852,Windows 10,0.29746297,47.776043,_other,-0.0,0.0,7026.4033,826.3012,DFP-azure-attacktarget@domain.com:2
104,2022-08-31 20:31:58.635906+00:00,attacktarget@domain.com,Alaya,NonInteractiveUserSignInLogs,Mobile Apps and Desktop clients,Chrome 100.0.4896,ATTACKTARGET-LT,Windows 10,"Anomalous City, ZZ",NaN,86,3.0,71.0,10.683798327698835,319.41254,269.5113,2.4918406348279136,2.0354738,0.5186925,2.31274398968538,11692.803,7030.274,Adobe Identity Management,2.1667144,5.118076,Mobile Apps and Desktop clients,0.20095243,52.752777,Edge 99.14477,1.224342,9.284902,ATTACKTARGET-LT,0.3568709,32.147972,Windows 10,0.29564258,47.89834,_other,-0.0,0.0,7030.274,827.5007,DFP-azure-attacktarget@domain.com:2
105,2022-08-31 20:36:31.171730+00:00,attacktarget@domain.com,e4enable,NonInteractiveUserSignInLogs,Mobile Apps and Desktop clients,Chrome 100.0.4896,ATTACKTARGET-LT,Windows 10,"Anomalous City, ZZ",NaN,87,3.0,72.0,10.823229238339621,326.7535,275.72406,2.509041709724726,1.9000056,0.45158896,2.3373988588999164,12027.2295,7231.3643,Adobe Identity Management,2.3732176,7.141528,Mobile Apps and Desktop clients,0.19187485,53.87573,Edge 99.14477,1.2165158,9.0092945,ATTACKTARGET-LT,0.36526632,31.16838,Windows 10,0.29106587,48.205822,_other,-0.0,0.0,7231.3643,850.77124,DFP-azure-attacktarget@domain.com:2
106,2022-08-31 20:43:02.952793+00:00,attacktarget@domain.com,Help Scout,NonInteractiveUserSignInLogs,Mobile Apps and Desktop clients,Chrome 100.0.4896,ATTACKTARGET-LT,Windows 10,"Anomalous City, ZZ",NaN,88,3.0,73.0,10.880888097336065,334.88766,282.60815,2.5182260472775315,1.8295838,0.41670585,2.3446377366179973,12372.474,7438.959,Adobe Identity Management,2.3877354,7.283783,Mobile Apps and Desktop clients,0.18783501,54.37549,Edge 99.14477,1.2197385,9.122785,ATTACKTARGET-LT,0.36241227,31.501394,Windows 10,0.28495827,48.616154,_other,-0.0,0.0,7438.959,874.76483,DFP-azure-attacktarget@domain.com:2
107,2022-08-31 21:13:44.759217+00:00,attacktarget@domain.com,Office 365 Exchange Online,NonInteractiveUserSignInLogs,Mobile Apps and Desktop clients,Chrome 100.0.4896,ATTACKTARGET-LT,Windows 10,"Anomalous City, ZZ",NaN,89,3.0,74.0,10.93909855710601,343.11703,289.5728,2.5274767493936428,1.7599975,0.3822366,2.35187604641467,12722.6,7649.4893,Adobe Identity Management,2.4024024,7.4275002,Mobile Apps and Desktop clients,0.1838728,54.865635,Edge 99.14477,1.2229853,9.2371235,ATTACKTARGET-LT,0.35958594,31.831175,Windows 10,0.27897578,49.018074,_other,-0.0,0.0,7649.4893,899.0916,DFP-azure-attacktarget@domain.com:2
108,2022-08-31 21:26:51.275860+00:00,attacktarget@domain.com,FileCloud,NonInteractiveUserSignInLogs,Mobile Apps and Desktop clients,Chrome 100.0.4896,ATTACKTARGET-LT,Windows 10,"Anomalous City, ZZ",NaN,90,3.0,75.0,10.997307007401371,351.4463,296.622,2.5367272816708204,1.6917615,0.34843624,2.359114053319925,13077.614,7862.9585,Adobe Identity Management,2.4172275,7.5727663,Mobile Apps and Desktop clients,0.17998704,55.346333,Edge 99.14477,1.2262459,9.351949,ATTACKTARGET-LT,0.35677812,32.1588,Windows 10,0.27310422,49.412548,_other,-0.0,0.0,7862.9585,923.7524,DFP-azure-attacktarget@domain.com:2
109,2022-08-31 21:28:00.302759+00:00,attacktarget@domain.com,Verto 365,NonInteractiveUserSignInLogs,Mobile Apps and Desktop clients,Chrome 100.0.4896,ATTACKTARGET-LT,Windows 10,"Anomalous City, ZZ",NaN,91,3.0,76.0,11.05551847190861,359.87534,303.75565,2.545977941327198,1.6248735,0.3153036,2.3663521738094615,13437.512,8079.3643,Adobe Identity Management,2.4322107,7.719581,Mobile Apps and Desktop clients,0.17617638,55.817738,Edge 99.14477,1.2295206,9.46727,ATTACKTARGET-LT,0.35398832,32.484314,Windows 10,0.2673421,49.799667,_other,-0.0,0.0,8079.3643,948.7472,DFP-azure-attacktarget@domain.com:2
110,2022-08-31 21:31:31.724163+00:00,attacktarget@domain.com,LinkedIn Lookup,NonInteractiveUserSignInLogs,Mobile Apps and Desktop clients,Chrome 100.0.4896,ATTACKTARGET-LT,Windows 10,"Anomalous City, ZZ",NaN,92,3.0,77.0,11.11372842930991,368.4044,310.97394,2.5552285160641093,1.5593354,0.28283957,2.37359067291327,13802.295,8298.708,Adobe Identity Management,2.4473495,7.8679214,Mobile Apps and Desktop clients,0.17243956,56.280006,Edge 99.14477,1.2328087,9.583065,ATTACKTARGET-LT,0.35121673,32.80771,Windows 10,0.26168782,50.17954,_other,-0.0,0.0,8298.708,974.076,DFP-azure-attacktarget@domain.com:2
111,2022-08-31 21:32:54.045209+00:00,attacktarget@domain.com,Atlassian Cloud,NonInteractiveUserSignInLogs,Mobile Apps and Desktop clients,Chrome 100.0.4896,ATTACKTARGET-LT,Windows 10,"Anomalous City, ZZ",NaN,93,3.0,77.0,11.12348694026192,377.47986,318.65466,2.554896565868379,1.5616639,0.283993,2.372071142392765,13802.858,8299.047,Adobe Identity Management,2.4460516,7.855203,Mobile Apps and Desktop clients,0.17257097,56.263752,Edge 99.14477,1.2292259,9.456892,ATTACKTARGET-LT,0.35066354,32.872253,Windows 10,0.26155382,50.18854,_other,-0.0,0.0,8299.047,974.958,DFP-azure-attacktarget@domain.com:2
112,2022-08-31 21:40:54.159084+00:00,attacktarget@domain.com,Foko Retail,NonInteractiveUserSignInLogs,Mobile Apps and Desktop clients,Chrome 100.0.4896,ATTACKTARGET-LT,Windows 10,"Anomalous City, ZZ",NaN,94,3.0,78.0,11.181753665320237,386.21326,326.0459,2.564151853635698,1.497394,0.2521572,2.3792943833413998,14172.542,8521.337,Adobe Identity Management,2.4613564,8.00517,Mobile Apps and Desktop clients,0.16890167,56.717667,Edge 99.14477,1.2325197,9.572889,ATTACKTARGET-LT,0.34791395,33.19308,Windows 10,0.25600368,50.56142,_other,-0.0,0.0,8521.337,1000.63165,DFP-azure-attacktarget@domain.com:2
113,2022-08-31 21:46:18.959007+00:00,attacktarget@domain.com,Tact,NonInteractiveUserSignInLogs,Mobile Apps and Desktop clients,Chrome 100.0.4896,ATTACKTARGET-LT,Windows 10,"Anomalous City, ZZ",NaN,95,3.0,79.0,11.24008017224745,395.04596,333.52118,2.573411727054224,1.4344437,0.2209751,2.386502555441996,14547.112,8746.565,Adobe Identity Management,2.4768353,8.156841,Mobile Apps and Desktop clients,0.16530171,57.163006,Edge 99.14477,1.2358277,9.689381,ATTACKTARGET-LT,0.345182,33.51185,Windows 10,0.2505527,50.92763,_other,-0.0,0.0,8746.565,1026.6396,DFP-azure-attacktarget@domain.com:2
114,2022-08-31 21:56:37.526422+00:00,attacktarget@domain.com,COINS Construction Cloud - Project and Productivity Apps,NonInteractiveUserSignInLogs,Mobile Apps and Desktop clients,Chrome 100.0.4896,ATTACKTARGET-LT,Windows 10,"Anomalous City, ZZ",NaN,96,3.0,79.0,11.24982411450872,404.4421,341.4733,2.5731255484510998,1.436369,0.22192876,2.3849545152667857,14547.701,8746.919,Adobe Identity Management,2.4755716,8.14446,Mobile Apps and Desktop clients,0.16541871,57.148533,Edge 99.14477,1.2323,9.565152,ATTACKTARGET-LT,0.3446016,33.57957,Windows 10,0.25038865,50.938656,_other,-0.0,0.0,8746.919,1027.5544,DFP-azure-attacktarget@domain.com:2
115,2022-08-31 21:57:22.081962+00:00,attacktarget@domain.com,Screencast-O-Matic,NonInteractiveUserSignInLogs,Mobile Apps and Desktop clients,Chrome 100.0.4896,ATTACKTARGET-LT,Windows 10,"Anomalous City, ZZ",NaN,97,3.0,80.0,11.308298317817911,413.4783,349.1208,2.582377269600813,1.3747823,0.19142212,2.392137471656846,14927.177,8975.098,Adobe Identity Management,2.491225,8.297842,Mobile Apps and Desktop clients,0.16188507,57.585667,Edge 99.14477,1.2355846,9.680821,ATTACKTARGET-LT,0.3419063,33.894062,Windows 10,0.24504773,51.297474,_other,-0.0,0.0,8975.098,1053.9073,DFP-azure-attacktarget@domain.com:2
116,2022-08-31 22:23:06.806213+00:00,attacktarget@domain.com,Stormboard,NonInteractiveUserSignInLogs,Mobile Apps and Desktop clients,Chrome 100.0.4896,ATTACKTARGET-LT,Windows 10,"Anomalous City, ZZ",NaN,98,3.0,81.0,11.366774028233039,422.61423,356.85266,2.5916287359921255,1.3145467,0.16158469,2.399320163016916,15311.538,9206.213,Adobe Identity Management,2.5070271,8.452682,Mobile Apps and Desktop clients,0.15842089,58.01421,Edge 99.14477,1.2388831,9.796982,ATTACKTARGET-LT,0.33922938,34.20641,Windows 10,0.23980899,51.649433,_other,-0.0,0.0,9206.213,1080.5942,DFP-azure-attacktarget@domain.com:2
117,2022-08-31 22:43:47.300043+00:00,attacktarget@domain.com,CallPlease,NonInteractiveUserSignInLogs,Mobile Apps and Desktop clients,Chrome 100.0.4896,ATTACKTARGET-LT,Windows 10,"Anomalous City, ZZ",NaN,99,3.0,81.0,11.375717194872301,432.33865,365.08264,2.5913406891607322,1.3164018,0.16250363,2.3978897204346863,15312.095,9206.548,Adobe Identity Management,2.505637,8.439059,Mobile Apps and Desktop clients,0.1585328,58.000366,Edge 99.14477,1.2354517,9.676141,ATTACKTARGET-LT,0.33863533,34.275723,Windows 10,0.23962691,51.661667,_other,-0.0,0.0,9206.548,1081.5386,DFP-azure-attacktarget@domain.com:2
118,2022-08-31 23:07:46.910920+00:00,attacktarget@domain.com,Articulate 360,NonInteractiveUserSignInLogs,Mobile Apps and Desktop clients,Chrome 100.0.4896,ATTACKTARGET-LT,Windows 10,"Anomalous City, ZZ",NaN,100,3.0,81.0,11.39108163754701,442.1097,373.35205,2.587434054009958,1.3416908,0.17503038,2.3790717202878517,15319.428,9210.957,Adobe Identity Management,3.8101654,21.221678,Mobile Apps and Desktop clients,0.16017687,57.79698,Edge 99.14477,1.2574483,10.450772,ATTACKTARGET-LT,0.3311479,35.14937,Windows 10,0.2401521,51.62638,_other,-0.0,0.0,9210.957,1084.5255,DFP-azure-attacktarget@domain.com:2
119,2022-08-31 23:20:54.550308+00:00,attacktarget@domain.com,WeVideo,NonInteractiveUserSignInLogs,Mobile Apps and Desktop clients,Chrome 100.0.4896,ATTACKTARGET-LT,Windows 10,"Anomalous City, ZZ",NaN,101,3.0,82.0,11.441474236445133,451.63644,381.41467,2.600231927173869,1.2597427,0.1344378,2.4038637993146748,15701.829,9440.895,Adobe Identity Management,2.520012,8.579914,Mobile Apps and Desktop clients,0.15522632,58.4094,Edge 99.14477,1.2354857,9.677337,ATTACKTARGET-LT,0.3354308,34.64963,Windows 10,0.23423994,52.023582,_other,-0.0,0.0,9440.895,1109.5315,DFP-azure-attacktarget@domain.com:2
120,2022-08-31 23:45:08.870131+00:00,attacktarget@domain.com,Spike Email - Mail & Team Chat,NonInteractiveUserSignInLogs,Mobile Apps and Desktop clients,Chrome 100.0.4896,ATTACKTARGET-LT,Windows 10,"Anomalous City, ZZ",NaN,102,3.0,83.0,11.499881624724381,461.18317,389.49423,2.609480336464377,1.2021301,0.105899654,2.411056221061543,16095.971,9677.891,Adobe Identity Management,2.536086,8.73742,Mobile Apps and Desktop clients,0.1518934,58.8217,Edge 99.14477,1.238801,9.794089,ATTACKTARGET-LT,0.33279783,34.956852,Windows 10,0.22920823,52.36163,_other,-0.0,0.0,9677.891,1136.907,DFP-azure-attacktarget@domain.com:2
121,2022-08-31 23:48:48.732047+00:00,attacktarget@domain.com,Box,NonInteractiveUserSignInLogs,Mobile Apps and Desktop clients,Chrome 100.0.4896,ATTACKTARGET-LT,Windows 10,"Anomalous City, ZZ",NaN,103,3.0,84.0,11.558196577172733,470.8306,397.65903,2.6187223767948744,1.1459042,0.07804842,2.418223237790739,16495.008,9917.83,Adobe Identity Management,2.5524015,8.897289,Mobile Apps and Desktop clients,0.14862785,59.225674,Edge 99.14477,1.2420677,9.909129,ATTACKTARGET-LT,0.33016184,35.264423,Windows 10,0.2242853,52.692368,_other,-0.0,0.0,9917.83,1164.6174,DFP-azure-attacktarget@domain.com:2
122,2022-08-31 23:51:17.852920+00:00,attacktarget@domain.com,Google Cloud / G Suite Connector by Microsoft,NonInteractiveUserSignInLogs,Mobile Apps and Desktop clients,Chrome 100.0.4896,ATTACKTARGET-LT,Windows 10,"Anomalous City, ZZ",NaN,104,3.0,85.0,11.616472344866683,480.5784,405.90875,2.6279606806688327,1.0910467,0.050875023,2.4253774573575306,16898.938,10160.713,Adobe Identity Management,2.5689104,9.059053,Mobile Apps and Desktop clients,0.14542808,59.62151,Edge 99.14477,1.2453171,10.02356,ATTACKTARGET-LT,0.32753333,35.57112,Windows 10,0.2194637,53.0163,_other,-0.0,0.0,10160.713,1192.6627,DFP-azure-attacktarget@domain.com:2
123,2022-08-31 23:54:50.435683+00:00,attacktarget@domain.com,Box,NonInteractiveUserSignInLogs,Mobile Apps and Desktop clients,Chrome 100.0.4896,ATTACKTARGET-LT,Windows 10,"Anomalous City, ZZ",NaN,105,3.0,85.0,11.623862187651962,490.96094,414.69568,2.6276063117338664,1.0931262,0.051905088,2.424170245750257,16899.434,10161.011,Adobe Identity Management,2.567285,9.043128,Mobile Apps and Desktop clients,0.14551425,59.610847,Edge 99.14477,1.2420479,9.908432,ATTACKTARGET-LT,0.3270037,35.63292,Windows 10,0.21922602,53.03227,_other,-0.0,0.0,10161.011,1193.6652,DFP-azure-attacktarget@domain.com:2
24,2022-08-31 21:34:30.069498+00:00,cperry@domain.com,COINS Construction Cloud - Project and Productivity Apps,NonInteractiveUserSignInLogs,Mobile Apps and Desktop clients,Edge 87.11424,NaN,Windows 10,"Hannaville, XY",Fresh auth token is needed. Have the user re-sign using fresh credentials.,11,2.0,4.0,7.024713518235203,0.6906743049621582,0.26987603306770325,1.0883330357586083,9.146913528442383,2.9855215549468994,2.2331277871683106,2.792309045791626,1.534472107887268,AWS Single-Account Access,2.6178553104400635,1.6007492542266846,Browser,1.1226723194122314,2.506483316421509,Edge 87.11424,1.9273072481155396,1.8309048414230347,CYNTHIAPERRY-LT,0.6872507333755493,2.5159342288970947,Windows,1.6111884117126465,2.1059014797210693,Other,1.6644970178604126,3.1829657554626465,3.1829657554626465,2.0592010021209717,DFP-azure-cperry@domain.com:2
27,2022-08-31 14:42:48.568836+00:00,tprice@domain.com,Bipsync,NonInteractiveUserSignInLogs,Mobile Apps and Desktop clients,NaN,NaN,Android,"Herringburgh, XQ",NaN,9,5.0,3.0,8.55485825051684,0.006332456,0.88836074,4.203779086980519,0.21629831,0.6232535,2.279197432261819,0.78383434,0.16225195,Tact,2.565231,1.0584353,Mobile Apps and Desktop clients,1.0566924,3.4109027,Edge 118.12158,1.8750376,5.0505924,THOMASPRICE-LT,0.80752873,8.309663,Windows 10,1.4373457,5.846227,External security challenge was not satisfied.,1.4063112,1.9974936,8.309663,3.0385756,DFP-azure-tprice@domain.com:2
